Tanggal,7 Sampai 8,9 Sampai 10,11 Sampai 12,13 Sampai 14,15 Sampai 16,17 Sampai 18,19 Sampai 20,21 Sampai 22,23 Sampai 00
2023-06-20 From : 11:34 - 11:34,0,0,0,0,,,,,
2023-07-15 From : 14:26 - 14:26,0,0,0,0,,,,,
2023-07-15 From : 14:36 - 14:36,0,0,0,0,,,,,
2023-07-15 From : 14:40 - 14:40,0,0,0,0,,,,,
2023-07-15 From : 14:41 - 14:41,0,0,0,0,,,,,
2023-07-15 From : 14:42 - 14:42,0,0,0,0,,,,,
2023-07-15 From : 14:58 - 14:58,0,0,0,0,0,0,0,0,0
2023-07-16 From : 12:48 - 12:48,0,0,0,0,0,0,0,0,0
2023-07-16 From : 12:48 - 12:48,0,0,0,0,0,0,0,0,0
2023-07-16 From : 12:49 - 12:49,0,0,0,0,0,0,0,0,0
2023-07-16 From : 12:50 - 12:50,0,0,0,0,0,0,0,0,0
